"","name","date","time","total_vaccinations","people_vaccinated","people_fully_vaccinated","total_boosters","daily_vaccinations_raw","daily_vaccinations","total_vaccinations_per_hundred","people_vaccinated_per_hundred","people_fully_vaccinated_per_hundred","total_boosters_per_hundred","daily_vaccinations_per_million","daily_people_vaccinated","daily_people_vaccinated_per_hundred","Population","Income per person","GDP total","GDP per capita growth (%)","Life expectancy"
"1","World",2020-12-01,2020,0,1,NA,NA,NA,NA,0,0,NA,NA,NA,NA,NA,7794798729,16166,125876667272255,-4.41,73.58
"2","World",2020-12-02,2020,0,1,NA,NA,0,0,0,0,NA,NA,0,0,0,7794798729,16166,125876667272255,-4.41,73.58
"3","World",2020-12-03,2020,0,1,NA,NA,0,0,0,0,NA,NA,0,0,0,7794798729,16166,125876667272255,-4.41,73.58
"4","World",2020-12-04,2020,1,2,NA,NA,1,0,0,0,NA,NA,0,0,0,7794798729,16166,125876667272255,-4.41,73.58
"5","World",2020-12-05,2020,1,2,NA,NA,0,0,0,0,NA,NA,0,0,0,7794798729,16166,125876667272255,-4.41,73.58
"6","World",2020-12-06,2020,1,2,NA,NA,0,0,0,0,NA,NA,0,0,0,7794798729,16166,125876667272255,-4.41,73.58
"7","World",2020-12-07,2020,2,3,NA,NA,1,0,0,0,NA,NA,0,0,0,7794798729,16166,125876667272255,-4.41,73.58
"8","World",2020-12-08,2020,7,9,NA,NA,5,1,0,0,NA,NA,0,1,0,7794798729,16166,125876667272255,-4.41,73.58
"9","World",2020-12-09,2020,9,11,NA,NA,2,1,0,0,NA,NA,0,1,0,7794798729,16166,125876667272255,-4.41,73.58
"10","World",2020-12-10,2020,10,12,NA,NA,1,1,0,0,NA,NA,0,2,0,7794798729,16166,125876667272255,-4.41,73.58
"11","World",2020-12-11,2020,14,16,NA,NA,4,2,0,0,NA,NA,0,2,0,7794798729,16166,125876667272255,-4.41,73.58
"12","World",2020-12-12,2020,14,16,NA,NA,0,2,0,0,NA,NA,0,2,0,7794798729,16166,125876667272255,-4.41,73.58
"13","World",2020-12-13,2020,23945,20284,4292,NA,23931,3421,0,0,0,NA,0,2897,0,7794798729,16166,125876667272255,-4.41,73.58
"14","World",2020-12-14,2020,28371,24571,4391,NA,4426,4053,0,0,0,NA,1,3510,0,7794798729,16166,125876667272255,-4.41,73.58
"15","World",2020-12-15,2020,1608403,102380,4615,NA,1580032,229771,0.02,0,0,NA,29,14624,0,7794798729,16166,125876667272255,-4.41,73.58
"16","World",2020-12-16,2020,1772098,260621,5030,NA,163695,253156,0.02,0,0,NA,32,37230,0,7794798729,16166,125876667272255,-4.41,73.58
"17","World",2020-12-17,2020,2049975,531462,5646,NA,277877,292852,0.03,0.01,0,NA,37,75921,0.001,7794798729,16166,125876667272255,-4.41,73.58
"18","World",2020-12-18,2020,2470825,943501,6687,NA,420850,352973,0.03,0.01,0,NA,45,134784,0.002,7794798729,16166,125876667272255,-4.41,73.58
"19","World",2020-12-19,2020,2653926,1122610,7676,NA,183101,379130,0.03,0.01,0,NA,48,160371,0.002,7794798729,16166,125876667272255,-4.41,73.58
"20","World",2020-12-20,2020,2766966,1233710,8367,NA,113040,391860,0.04,0.02,0,NA,50,173347,0.002,7794798729,16166,125876667272255,-4.41,73.58
"21","World",2020-12-21,2020,3181727,1641967,9524,NA,414761,450479,0.04,0.02,0,NA,57,231057,0.003,7794798729,16166,125876667272255,-4.41,73.58
"22","World",2020-12-22,2020,3706157,2157897,11938,NA,524430,299679,0.05,0.03,0,NA,38,293645,0.004,7794798729,16166,125876667272255,-4.41,73.58
"23","World",2020-12-23,2020,4397423,2837024,14190,NA,691266,375046,0.06,0.04,0,NA,48,368058,0.005,7794798729,16166,125876667272255,-4.41,73.58
"24","World",2020-12-24,2020,4693734,3128280,15182,NA,296311,377680,0.06,0.04,0,NA,48,370974,0.005,7794798729,16166,125876667272255,-4.41,73.58
"25","World",2020-12-25,2020,4753162,3187568,15274,NA,59428,326048,0.06,0.04,0,NA,41,320581,0.004,7794798729,16166,125876667272255,-4.41,73.58
"26","World",2020-12-26,2020,4933197,3363979,15984,NA,180035,325610,0.06,0.04,0,NA,41,320196,0.004,7794798729,16166,125876667272255,-4.41,73.58
"27","World",2020-12-27,2020,5194145,3627667,16630,NA,260948,346740,0.07,0.05,0,NA,44,341994,0.004,7794798729,16166,125876667272255,-4.41,73.58
"28","World",2020-12-28,2020,5974745,4393448,19891,NA,780600,399003,0.08,0.06,0,NA,51,393069,0.005,7794798729,16166,125876667272255,-4.41,73.58
"29","World",2020-12-29,2020,6963491,5371549,24933,1,988746,465333,0.09,0.07,0,0,59,459093,0.006,7794798729,16166,125876667272255,-4.41,73.58
"30","World",2020-12-30,2020,8125856,6526850,31004,1,1162365,532633,0.1,0.08,0,0,68,527118,0.007,7794798729,16166,125876667272255,-4.41,73.58
"31","World",2020-12-31,2020,11852309,7218319,33818,1,3726453,1022654,0.15,0.09,0,0,130,584291,0.007,7794798729,16166,125876667272255,-4.41,73.58
"32","World",2021-01-01,2021,12061118,7421906,39543,3,208809,1043994,0.15,0.09,0,0,133,604905,0.008,7874965732,16943,133280188232825,4.8,73.75
"33","World",2021-01-02,2021,13245266,8605013,42292,3,1184148,1187438,0.17,0.11,0,0,151,748719,0.01,7874965732,16943,133280188232825,4.8,73.75
"34","World",2021-01-03,2021,13610650,8968543,44612,5,365384,1202358,0.17,0.11,0,0,153,762982,0.01,7874965732,16943,133280188232825,4.8,73.75
"35","World",2021-01-04,2021,14745468,10039411,89690,5,1134818,1252960,0.19,0.13,0,0,159,806566,0.01,7874965732,16943,133280188232825,4.8,73.75
"36","World",2021-01-05,2021,16863972,11243045,177672,5,2118504,1414354,0.21,0.14,0,0,180,838785,0.011,7874965732,16943,133280188232825,4.8,73.75
"37","World",2021-01-06,2021,18420611,12487426,352256,5,1556639,1470679,0.23,0.16,0,0,187,851511,0.011,7874965732,16943,133280188232825,4.8,73.75
"38","World",2021-01-07,2021,20204742,13921579,633813,5,1784131,1193205,0.26,0.18,0.01,0,152,957609,0.012,7874965732,16943,133280188232825,4.8,73.75
"39","World",2021-01-08,2021,22095692,15308308,997379,6,1890950,1433511,0.28,0.19,0.01,0,182,1126629,0.014,7874965732,16943,133280188232825,4.8,73.75
"40","World",2021-01-09,2021,27557805,16013155,1127256,7,5462113,2044648,0.35,0.2,0.01,0,260,1058306,0.013,7874965732,16943,133280188232825,4.8,73.75
"41","World",2021-01-10,2021,30762900,19517722,1843458,7,3205095,2450321,0.39,0.25,0.02,0,311,1507026,0.019,7874965732,16943,133280188232825,4.8,73.75
"42","World",2021-01-11,2021,32628427,20917591,2205042,8,1865527,2554708,0.41,0.27,0.03,0,324,1554026,0.02,7874965732,16943,133280188232825,4.8,73.75
"43","World",2021-01-12,2021,34808275,22595275,2572426,9,2179848,2563472,0.44,0.29,0.03,0,326,1621747,0.021,7874965732,16943,133280188232825,4.8,73.75
"44","World",2021-01-13,2021,38616137,24871235,2919598,9,3807862,2885075,0.49,0.32,0.04,0,366,1769116,0.022,7874965732,16943,133280188232825,4.8,73.75
"45","World",2021-01-14,2021,41522624,27149919,3137377,11,2906487,3045412,0.53,0.34,0.04,0,387,1889763,0.024,7874965732,16943,133280188232825,4.8,73.75
"46","World",2021-01-15,2021,44387986,29345524,3306241,11,2865362,3184613,0.56,0.37,0.04,0,404,2005317,0.025,7874965732,16943,133280188232825,4.8,73.75
"47","World",2021-01-16,2021,46246269,30799243,3409152,11,1858283,2669781,0.59,0.39,0.04,0,339,2112298,0.027,7874965732,16943,133280188232825,4.8,73.75
"48","World",2021-01-17,2021,47420585,31701019,3567160,12,1174316,2379669,0.6,0.4,0.05,0,302,1740471,0.022,7874965732,16943,133280188232825,4.8,73.75
"49","World",2021-01-18,2021,49849238,33505342,3963543,13,2428653,2460116,0.63,0.43,0.05,0,312,1798250,0.023,7874965732,16943,133280188232825,4.8,73.75
"50","World",2021-01-19,2021,52861751,35698877,4544486,14,3012513,2579068,0.67,0.45,0.06,0,328,1871943,0.024,7874965732,16943,133280188232825,4.8,73.75
"51","World",2021-01-20,2021,61231715,38348511,5242586,17,8369964,3230797,0.78,0.49,0.07,0,410,1925325,0.024,7874965732,16943,133280188232825,4.8,73.75
"52","World",2021-01-21,2021,64810413,41150512,5839023,18,3578698,3326827,0.82,0.52,0.07,0,422,2000085,0.025,7874965732,16943,133280188232825,4.8,73.75
"53","World",2021-01-22,2021,68731502,44473509,6225768,18,3921089,3477645,0.87,0.56,0.08,0,442,2161141,0.027,7874965732,16943,133280188232825,4.8,73.75
"54","World",2021-01-23,2021,71237712,46447721,6540829,19,2506210,3570206,0.9,0.59,0.08,0,453,2235497,0.028,7874965732,16943,133280188232825,4.8,73.75
"55","World",2021-01-24,2021,72720993,47510756,6881025,19,1483281,3614344,0.92,0.6,0.09,0,459,2258534,0.029,7874965732,16943,133280188232825,4.8,73.75
"56","World",2021-01-25,2021,75955426,49732332,7741077,20,3234433,3729455,0.96,0.63,0.1,0,474,2318141,0.029,7874965732,16943,133280188232825,4.8,73.75
"57","World",2021-01-26,2021,79484015,52001728,8737267,23,3528589,3803181,1.01,0.66,0.11,0,483,2328979,0.03,7874965732,16943,133280188232825,4.8,73.75
"58","World",2021-01-27,2021,91371300,54839755,9771711,23,11887285,4305655,1.16,0.7,0.12,0,547,2355892,0.03,7874965732,16943,133280188232825,4.8,73.75
"59","World",2021-01-28,2021,95986458,58036122,10813798,23,4615158,4453721,1.22,0.74,0.14,0,566,2412230,0.031,7874965732,16943,133280188232825,4.8,73.75
"60","World",2021-01-29,2021,100544590,61271680,11702955,23,4558132,4544727,1.28,0.78,0.15,0,577,2399739,0.03,7874965732,16943,133280188232825,4.8,73.75
"61","World",2021-01-30,2021,103616388,63539701,12282264,23,3071798,4625525,1.32,0.81,0.16,0,587,2441711,0.031,7874965732,16943,133280188232825,4.8,73.75
"62","World",2021-01-31,2021,106681131,64626111,12748124,23,3064743,4851448,1.35,0.82,0.16,0,616,2445051,0.031,7874965732,16943,133280188232825,4.8,73.75
"63","World",2021-02-01,2021,110091350,66679910,13746663,24,3410219,4876561,1.4,0.85,0.17,0,619,2421083,0.031,7874965732,16943,133280188232825,4.8,73.75
"64","World",2021-02-02,2021,113891426,68995603,14920405,53,3800076,4915344,1.45,0.88,0.19,0,624,2427696,0.031,7874965732,16943,133280188232825,4.8,73.75
"65","World",2021-02-03,2021,125865088,71992297,16359017,53,11973662,4927684,1.6,0.91,0.21,0,626,2450363,0.031,7874965732,16943,133280188232825,4.8,73.75
"66","World",2021-02-04,2021,131269209,75416879,17940402,54,5404121,5040393,1.67,0.96,0.23,0,640,2482965,0.032,7874965732,16943,133280188232825,4.8,73.75
"67","World",2021-02-05,2021,136602277,79014778,19365516,56,5333068,5151098,1.73,1,0.25,0,654,2534728,0.032,7874965732,16943,133280188232825,4.8,73.75
"68","World",2021-02-06,2021,140080069,81432413,20114868,58,3477792,5209097,1.78,1.03,0.26,0,661,2556102,0.032,7874965732,16943,133280188232825,4.8,73.75
"69","World",2021-02-07,2021,141691577,82365740,20671971,58,1611508,5001492,1.8,1.05,0.26,0,635,2534233,0.032,7874965732,16943,133280188232825,4.8,73.75
"70","World",2021-02-08,2021,145493302,84763230,21820179,58,3801725,5057422,1.85,1.08,0.28,0,642,2583331,0.033,7874965732,16943,133280188232825,4.8,73.75
"71","World",2021-02-09,2021,159515670,87730753,23279138,61,14022368,6517749,2.03,1.11,0.3,0,828,2676450,0.034,7874965732,16943,133280188232825,4.8,73.75
"72","World",2021-02-10,2021,165096519,91254077,24949341,61,5580849,5604490,2.1,1.16,0.32,0,712,2751683,0.035,7874965732,16943,133280188232825,4.8,73.75
"73","World",2021-02-11,2021,170751871,94790395,26764236,64,5655352,5640380,2.17,1.2,0.34,0,716,2767645,0.035,7874965732,16943,133280188232825,4.8,73.75
"74","World",2021-02-12,2021,177076170,101456801,28871824,66,6324299,5781985,2.25,1.29,0.37,0,734,3206003,0.041,7874965732,16943,133280188232825,4.8,73.75
"75","World",2021-02-13,2021,181255208,104114433,29991074,66,4179038,5882163,2.3,1.32,0.38,0,747,3240289,0.041,7874965732,16943,133280188232825,4.8,73.75
"76","World",2021-02-14,2021,183350724,105471722,30674808,66,2095516,5951307,2.33,1.34,0.39,0,756,3300855,0.042,7874965732,16943,133280188232825,4.8,73.75
"77","World",2021-02-15,2021,187878139,108383556,31939649,66,4527415,6054977,2.39,1.38,0.41,0,769,3374332,0.043,7874965732,16943,133280188232825,4.8,73.75
"78","World",2021-02-16,2021,192873842,111304252,33677026,83,4995703,4765453,2.45,1.41,0.43,0,605,3367643,0.043,7874965732,16943,133280188232825,4.8,73.75
"79","World",2021-02-17,2021,198689985,114921697,35638818,84,5816143,4799067,2.52,1.46,0.45,0,609,3381089,0.043,7874965732,16943,133280188232825,4.8,73.75
"80","World",2021-02-18,2021,205268159,118779596,37718435,85,6578174,4930898,2.61,1.51,0.48,0,626,3427029,0.044,7874965732,16943,133280188232825,4.8,73.75
"81","World",2021-02-19,2021,210823325,124277090,40129471,87,5555166,4821022,2.68,1.58,0.51,0,612,3260041,0.041,7874965732,16943,133280188232825,4.8,73.75
"82","World",2021-02-20,2021,215081013,127067747,41484910,91,4257688,4832258,2.73,1.61,0.53,0,614,3279045,0.042,7874965732,16943,133280188232825,4.8,73.75
"83","World",2021-02-21,2021,217195157,128400853,42257914,95,2114144,4834919,2.76,1.63,0.54,0,614,3275590,0.042,7874965732,16943,133280188232825,4.8,73.75
"84","World",2021-02-22,2021,221440135,130987527,43785413,99,4244978,4794571,2.81,1.66,0.56,0,609,3229139,0.041,7874965732,16943,133280188232825,4.8,73.75
"85","World",2021-02-23,2021,227510548,136878375,47907741,102,6070413,4948101,2.89,1.74,0.61,0,628,3653446,0.046,7874965732,16943,133280188232825,4.8,73.75
"86","World",2021-02-24,2021,234063611,141071756,50081994,106,6553063,5053375,2.97,1.79,0.64,0,642,3735723,0.047,7874965732,16943,133280188232825,4.8,73.75
"87","World",2021-02-25,2021,241367435,145610936,52613324,110,7303824,5157039,3.06,1.85,0.67,0,655,3833049,0.049,7874965732,16943,133280188232825,4.8,73.75
"88","World",2021-02-26,2021,248582112,150072584,55202260,114,7214677,5394112,3.16,1.91,0.7,0,685,3685071,0.047,7874965732,16943,133280188232825,4.8,73.75
"89","World",2021-02-27,2021,253979060,153505163,56877216,117,5396948,5556864,3.23,1.95,0.72,0,706,3776774,0.048,7874965732,16943,133280188232825,4.8,73.75
"90","World",2021-02-28,2021,268635609,155524664,57464847,133,14656549,7348636,3.41,1.97,0.73,0,933,3874830,0.049,7874965732,16943,133280188232825,4.8,73.75
"91","World",2021-03-01,2021,274338839,159394669,59102551,137,5703230,7556958,3.48,2.02,0.75,0,960,4058163,0.052,7874965732,16943,133280188232825,4.8,73.75
"92","World",2021-03-02,2021,285642932,167496571,62053036,144,11304093,8304626,3.63,2.13,0.79,0,1055,4374028,0.056,7874965732,16943,133280188232825,4.8,73.75
"93","World",2021-03-03,2021,293868650,173065747,64567695,145,8225718,8543577,3.73,2.2,0.82,0,1085,4570570,0.058,7874965732,16943,133280188232825,4.8,73.75
"94","World",2021-03-04,2021,303455552,179560745,67384760,151,9586902,8869731,3.85,2.28,0.86,0,1126,4849973,0.062,7874965732,16943,133280188232825,4.8,73.75
"95","World",2021-03-05,2021,312415455,185806346,70075561,157,8959903,9119049,3.97,2.36,0.89,0,1158,5104823,0.065,7874965732,16943,133280188232825,4.8,73.75
"96","World",2021-03-06,2021,319520506,190747803,72124081,160,7105051,9363064,4.06,2.42,0.92,0,1189,5320377,0.068,7874965732,16943,133280188232825,4.8,73.75
"97","World",2021-03-07,2021,323414445,193675759,72863150,160,3893939,7825548,4.11,2.46,0.93,0,994,5450156,0.069,7874965732,16943,133280188232825,4.8,73.75
"98","World",2021-03-08,2021,331159023,199405704,74885179,164,7744578,8117169,4.21,2.53,0.95,0,1031,5715862,0.073,7874965732,16943,133280188232825,4.8,73.75
"99","World",2021-03-09,2021,339608172,205407455,77288146,184,8449149,7709320,4.31,2.61,0.98,0,979,5415841,0.069,7874965732,16943,133280188232825,4.8,73.75
"100","World",2021-03-10,2021,349690045,212367379,80419059,192,10081873,7974485,4.44,2.7,1.02,0,1013,5614519,0.071,7874965732,16943,133280188232825,4.8,73.75
"101","World",2021-03-11,2021,358946172,218304160,83379198,194,9256127,7927231,4.56,2.77,1.06,0,1007,5534774,0.07,7874965732,16943,133280188232825,4.8,73.75
"102","World",2021-03-12,2021,369205004,225393126,86801620,194,10258832,8112793,4.69,2.86,1.1,0,1030,5655254,0.072,7874965732,16943,133280188232825,4.8,73.75
"103","World",2021-03-13,2021,377133106,231592019,89235535,198,7928102,8230371,4.79,2.94,1.13,0,1045,5834888,0.074,7874965732,16943,133280188232825,4.8,73.75
"104","World",2021-03-14,2021,393408777,234440244,90121898,201,16275671,9999190,5,2.98,1.14,0,1270,5823498,0.074,7874965732,16943,133280188232825,4.8,73.75
"105","World",2021-03-15,2021,403543245,241604670,93043887,204,10134468,10340603,5.12,3.07,1.18,0,1313,6028424,0.077,7874965732,16943,133280188232825,4.8,73.75
"106","World",2021-03-16,2021,413526576,248209041,96107880,208,9983331,10559772,5.25,3.15,1.22,0,1341,6114512,0.078,7874965732,16943,133280188232825,4.8,73.75
"107","World",2021-03-17,2021,424437607,255223708,99928964,213,10911031,10678223,5.39,3.24,1.27,0,1356,6122333,0.078,7874965732,16943,133280188232825,4.8,73.75
"108","World",2021-03-18,2021,435081613,262597565,103031157,218,10644006,10876492,5.52,3.33,1.31,0,1381,6327629,0.08,7874965732,16943,133280188232825,4.8,73.75
"109","World",2021-03-19,2021,448361557,271832184,106588497,221,13279944,11308079,5.69,3.45,1.35,0,1436,6634151,0.084,7874965732,16943,133280188232825,4.8,73.75
"110","World",2021-03-20,2021,467309497,278885503,108717060,223,18947940,12882342,5.93,3.54,1.38,0,1636,6756212,0.086,7874965732,16943,133280188232825,4.8,73.75
"111","World",2021-03-21,2021,471235147,281607149,109564035,224,3925650,11118053,5.98,3.58,1.39,0,1412,6738129,0.086,7874965732,16943,133280188232825,4.8,73.75
"112","World",2021-03-22,2021,487600330,289593667,112217991,232,16365183,12008155,6.19,3.68,1.42,0,1525,6855571,0.087,7874965732,16943,133280188232825,4.8,73.75
"113","World",2021-03-23,2021,501253548,297434151,115289714,238,13653218,12532425,6.37,3.78,1.46,0,1591,7032159,0.089,7874965732,16943,133280188232825,4.8,73.75
"114","World",2021-03-24,2021,516434437,306082242,118732752,243,15180889,13142404,6.56,3.89,1.51,0,1669,7265505,0.092,7874965732,16943,133280188232825,4.8,73.75
"115","World",2021-03-25,2021,533832912,314201883,122306724,249,17398475,14107328,6.78,3.99,1.55,0,1791,7372045,0.094,7874965732,16943,133280188232825,4.8,73.75
"116","World",2021-03-26,2021,553133876,323368777,126211268,256,19300964,14967474,7.02,4.11,1.6,0,1901,7362370,0.093,7874965732,16943,133280188232825,4.8,73.75
"117","World",2021-03-27,2021,567240200,329813179,128499589,258,14106324,14275815,7.2,4.19,1.63,0,1813,7275382,0.092,7874965732,16943,133280188232825,4.8,73.75
"118","World",2021-03-28,2021,576274603,333076736,129670730,262,9034403,15005637,7.32,4.23,1.65,0,1905,7352798,0.093,7874965732,16943,133280188232825,4.8,73.75
"119","World",2021-03-29,2021,592441638,340526253,133936608,270,16167035,14977330,7.52,4.32,1.7,0,1902,7276084,0.092,7874965732,16943,133280188232825,4.8,73.75
"120","World",2021-03-30,2021,607934916,348204766,137487125,283,15493278,15240195,7.72,4.42,1.75,0,1935,7252945,0.092,7874965732,16943,133280188232825,4.8,73.75
"121","World",2021-03-31,2021,628317687,359253659,141981901,292,20382771,15983321,7.98,4.56,1.8,0,2030,7595917,0.096,7874965732,16943,133280188232825,4.8,73.75
"122","World",2021-04-01,2021,650593505,369704800,146943168,305,22275818,16680085,8.26,4.69,1.87,0,2118,7928988,0.101,7874965732,16943,133280188232825,4.8,73.75
"123","World",2021-04-02,2021,670409025,378874434,150323072,315,19815520,16753593,8.51,4.81,1.91,0,2127,7929380,0.101,7874965732,16943,133280188232825,4.8,73.75
"124","World",2021-04-03,2021,682998878,385978136,152914872,324,12589853,16536954,8.67,4.9,1.94,0,2100,8023565,0.102,7874965732,16943,133280188232825,4.8,73.75
"125","World",2021-04-04,2021,693030517,391380116,154127737,326,10031639,16679416,8.8,4.97,1.96,0,2118,8329054,0.106,7874965732,16943,133280188232825,4.8,73.75
"126","World",2021-04-05,2021,707256806,399587634,157312358,340,14226289,16402167,8.98,5.07,2,0,2083,8437340,0.107,7874965732,16943,133280188232825,4.8,73.75
"127","World",2021-04-06,2021,725920472,410473419,162020406,370,18663666,16855079,9.22,5.21,2.06,0,2140,8895522,0.113,7874965732,16943,133280188232825,4.8,73.75
"128","World",2021-04-07,2021,744843594,421373766,167132285,396,18923122,16646558,9.46,5.35,2.12,0,2114,8874301,0.113,7874965732,16943,133280188232825,4.8,73.75
"129","World",2021-04-08,2021,769231440,434371246,172786623,416,24387846,16948276,9.77,5.52,2.19,0,2152,9238064,0.117,7874965732,16943,133280188232825,4.8,73.75
"130","World",2021-04-09,2021,790558622,444853924,178039497,484,21327182,17164228,10.04,5.65,2.26,0,2180,9425641,0.12,7874965732,16943,133280188232825,4.8,73.75
"131","World",2021-04-10,2021,807554835,454523419,182320647,501,16996213,17793708,10.25,5.77,2.32,0,2260,9792183,0.124,7874965732,16943,133280188232825,4.8,73.75
"132","World",2021-04-11,2021,818528117,460611837,184388711,507,10973282,17928229,10.39,5.85,2.34,0,2277,9890246,0.126,7874965732,16943,133280188232825,4.8,73.75
"133","World",2021-04-12,2021,837232483,470430693,188809561,558,18704366,18567954,10.63,5.97,2.4,0,2358,10120437,0.129,7874965732,16943,133280188232825,4.8,73.75
"134","World",2021-04-13,2021,854660645,479681657,193211165,659,17428162,18391453,10.85,6.09,2.45,0,2335,9886891,0.126,7874965732,16943,133280188232825,4.8,73.75
"135","World",2021-04-14,2021,873985712,490032215,198547948,868,19325067,18448874,11.1,6.22,2.52,0,2343,9808350,0.125,7874965732,16943,133280188232825,4.8,73.75
"136","World",2021-04-15,2021,893266177,499312965,203984023,1186,19280465,17719248,11.34,6.34,2.59,0,2250,9277388,0.118,7874965732,16943,133280188232825,4.8,73.75
"137","World",2021-04-16,2021,910927802,507780878,209130748,1522,17661625,17195597,11.57,6.45,2.66,0,2184,8989565,0.114,7874965732,16943,133280188232825,4.8,73.75
"138","World",2021-04-17,2021,924645954,515066968,212880810,1620,13718152,16727303,11.74,6.54,2.7,0,2124,8649078,0.11,7874965732,16943,133280188232825,4.8,73.75
"139","World",2021-04-18,2021,935289927,520400848,215681024,1662,10643973,16680259,11.88,6.61,2.74,0,2118,8541287,0.108,7874965732,16943,133280188232825,4.8,73.75
"140","World",2021-04-19,2021,951129528,528262654,220457878,2096,15839601,16271006,12.08,6.71,2.8,0,2066,8261709,0.105,7874965732,16943,133280188232825,4.8,73.75
"141","World",2021-04-20,2021,965848251,535871353,226772767,2635,14718723,15883944,12.26,6.8,2.88,0,2017,8027099,0.102,7874965732,16943,133280188232825,4.8,73.75
"142","World",2021-04-21,2021,985148443,544309813,232049923,3428,19300192,15880390,12.51,6.91,2.95,0,2017,7753943,0.098,7874965732,16943,133280188232825,4.8,73.75
"143","World",2021-04-22,2021,1007549458,553033423,238544786,4199,22401015,16326183,12.79,7.02,3.03,0,2073,7674351,0.097,7874965732,16943,133280188232825,4.8,73.75
"144","World",2021-04-23,2021,1025806883,560625672,243998033,4955,18257425,16411297,13.03,7.12,3.1,0,2084,7549256,0.096,7874965732,16943,133280188232825,4.8,73.75
"145","World",2021-04-24,2021,1038242914,565491012,247388535,5178,12436031,16228137,13.18,7.18,3.14,0,2061,7203435,0.091,7874965732,16943,133280188232825,4.8,73.75
"146","World",2021-04-25,2021,1055326410,573385416,251655577,5226,17083496,17148069,13.4,7.28,3.2,0,2178,7569224,0.096,7874965732,16943,133280188232825,4.8,73.75
"147","World",2021-04-26,2021,1072487799,580355559,257026756,5747,17161389,17336896,13.62,7.37,3.26,0,2202,7441844,0.095,7874965732,16943,133280188232825,4.8,73.75
"148","World",2021-04-27,2021,1093501643,588229159,263415520,6616,21013844,18236199,13.89,7.47,3.34,0,2316,7479687,0.095,7874965732,16943,133280188232825,4.8,73.75
"149","World",2021-04-28,2021,1119510587,598769319,270677074,7966,26008944,19194592,14.22,7.6,3.44,0,2437,7779929,0.099,7874965732,16943,133280188232825,4.8,73.75
"150","World",2021-04-29,2021,1144305423,607819879,278245851,9163,24794836,19536566,14.53,7.72,3.53,0,2481,7826637,0.099,7874965732,16943,133280188232825,4.8,73.75
"151","World",2021-04-30,2021,1169816015,615418489,284415444,10221,25510592,20572733,14.85,7.81,3.61,0,2612,7827545,0.099,7874965732,16943,133280188232825,4.8,73.75
"152","World",2021-05-01,2021,1183931032,620454803,288077900,10411,14115017,20812588,15.03,7.88,3.66,0,2643,7851970,0.1,7874965732,16943,133280188232825,4.8,73.75
"153","World",2021-05-02,2021,1194848924,623841519,290628826,10493,10917892,19931788,15.17,7.92,3.69,0,2531,7208015,0.092,7874965732,16943,133280188232825,4.8,73.75
"154","World",2021-05-03,2021,1209302694,629100506,294969435,11269,14453770,19544985,15.36,7.99,3.75,0,2482,6963564,0.088,7874965732,16943,133280188232825,4.8,73.75
"155","World",2021-05-04,2021,1229113970,636457216,301824201,12497,19811276,19373190,15.61,8.08,3.83,0,2460,6889722,0.087,7874965732,16943,133280188232825,4.8,73.75
"156","World",2021-05-05,2021,1249438804,644500286,309192447,13723,20324834,18561174,15.87,8.18,3.93,0,2357,6532995,0.083,7874965732,16943,133280188232825,4.8,73.75
"157","World",2021-05-06,2021,1273922190,653293657,316575292,15284,24483386,18516681,16.18,8.3,4.02,0,2351,6496254,0.082,7874965732,16943,133280188232825,4.8,73.75
"158","World",2021-05-07,2021,1300825021,662156872,324065969,16418,26902831,18715572,16.52,8.41,4.12,0,2377,6676912,0.085,7874965732,16943,133280188232825,4.8,73.75
"159","World",2021-05-08,2021,1320672528,667712835,328927381,16706,19847507,19534499,16.77,8.48,4.18,0,2481,6751147,0.086,7874965732,16943,133280188232825,4.8,73.75
"160","World",2021-05-09,2021,1334523043,672030919,331598245,16930,13850515,19953446,16.95,8.53,4.21,0,2534,6884200,0.087,7874965732,16943,133280188232825,4.8,73.75
"161","World",2021-05-10,2021,1357639506,680184730,337459719,18035,23116463,21190973,17.24,8.64,4.29,0,2691,7297746,0.093,7874965732,16943,133280188232825,4.8,73.75
"162","World",2021-05-11,2021,1382823818,689572987,345034422,19474,25184312,21958550,17.56,8.76,4.38,0,2788,7587967,0.096,7874965732,16943,133280188232825,4.8,73.75
"163","World",2021-05-12,2021,1409664789,698452057,351582644,20890,26840971,22889426,17.9,8.87,4.46,0,2907,7707396,0.098,7874965732,16943,133280188232825,4.8,73.75
"164","World",2021-05-13,2021,1436477729,706333652,357813620,21290,26812940,23222220,18.24,8.97,4.54,0,2949,7577142,0.096,7874965732,16943,133280188232825,4.8,73.75
"165","World",2021-05-14,2021,1462228874,713482158,362933685,22324,25751145,23057693,18.57,9.06,4.61,0,2928,7332184,0.093,7874965732,16943,133280188232825,4.8,73.75
"166","World",2021-05-15,2021,1485920473,720460511,367241696,22727,23691599,23606849,18.87,9.15,4.66,0,2998,7535382,0.096,7874965732,16943,133280188232825,4.8,73.75
"167","World",2021-05-16,2021,1508102248,725791043,370239684,22883,22181775,24797029,19.15,9.22,4.7,0,3149,7680018,0.098,7874965732,16943,133280188232825,4.8,73.75
"168","World",2021-05-17,2021,1535409155,733466015,374866618,24253,27306907,25395664,19.5,9.31,4.76,0,3225,7611612,0.097,7874965732,16943,133280188232825,4.8,73.75
"169","World",2021-05-18,2021,1564061797,742588192,380627803,26049,28652642,25891140,19.86,9.43,4.83,0,3288,7573601,0.096,7874965732,16943,133280188232825,4.8,73.75
"170","World",2021-05-19,2021,1591941894,751160729,386120712,28328,27880097,26039586,20.22,9.54,4.9,0,3307,7529810,0.096,7874965732,16943,133280188232825,4.8,73.75
"171","World",2021-05-20,2021,1626299162,761638066,392503553,30440,34357268,27117348,20.65,9.67,4.98,0,3443,7900631,0.1,7874965732,16943,133280188232825,4.8,73.75
"172","World",2021-05-21,2021,1656859370,769856238,398467836,32246,30560208,27804357,21.04,9.78,5.06,0,3531,8053440,0.102,7874965732,16943,133280188232825,4.8,73.75
"173","World",2021-05-22,2021,1684560230,778746115,403487203,32868,27700860,28377108,21.39,9.89,5.12,0,3603,8326515,0.106,7874965732,16943,133280188232825,4.8,73.75
"174","World",2021-05-23,2021,1706997935,784459271,406528890,33099,22437705,28413670,21.68,9.96,5.16,0,3608,8381175,0.106,7874965732,16943,133280188232825,4.8,73.75
"175","World",2021-05-24,2021,1736998082,793965696,410781969,33669,30000147,28798418,22.06,10.08,5.22,0,3657,8642812,0.11,7874965732,16943,133280188232825,4.8,73.75
"176","World",2021-05-25,2021,1770319815,802532523,415768546,35760,33321733,29465431,22.48,10.19,5.28,0,3742,8563476,0.109,7874965732,16943,133280188232825,4.8,73.75
"177","World",2021-05-26,2021,1806104338,812736398,421073004,37816,35784523,30594635,22.93,10.32,5.35,0,3885,8796524,0.112,7874965732,16943,133280188232825,4.8,73.75
"178","World",2021-05-27,2021,1839132211,822568917,426434348,39818,33027873,30404721,23.35,10.45,5.42,0,3861,8704407,0.111,7874965732,16943,133280188232825,4.8,73.75
"179","World",2021-05-28,2021,1872457808,832231276,431627531,41591,33325597,30799777,23.78,10.57,5.48,0,3911,8910720,0.113,7874965732,16943,133280188232825,4.8,73.75
"180","World",2021-05-29,2021,1904428892,842144694,435807700,42148,31971084,31409809,24.18,10.69,5.53,0,3989,9056940,0.115,7874965732,16943,133280188232825,4.8,73.75
"181","World",2021-05-30,2021,1932662915,848900467,439288107,42310,28234023,32237854,24.54,10.78,5.58,0,4094,9205885,0.117,7874965732,16943,133280188232825,4.8,73.75
"182","World",2021-05-31,2021,1970074372,857461009,444279887,43657,37411457,33296613,25.02,10.89,5.64,0,4228,9070759,0.115,7874965732,16943,133280188232825,4.8,73.75
"183","World",2021-06-01,2021,2008958607,868647988,450795576,45586,38884235,34091256,25.51,11.03,5.72,0,4329,9445066,0.12,7874965732,16943,133280188232825,4.8,73.75
"184","World",2021-06-02,2021,2049639020,880490781,457047363,47441,40680413,34790669,26.03,11.18,5.8,0,4418,9679198,0.123,7874965732,16943,133280188232825,4.8,73.75
"185","World",2021-06-03,2021,2084663105,891198057,462626353,49105,35024085,35075842,26.47,11.32,5.87,0,4454,9804163,0.124,7874965732,16943,133280188232825,4.8,73.75
"186","World",2021-06-04,2021,2124048050,904106835,468300589,50696,39384945,35941463,26.97,11.48,5.95,0,4564,10267937,0.13,7874965732,16943,133280188232825,4.8,73.75
"187","World",2021-06-05,2021,2156425879,912917960,473605904,51320,32377829,35999570,27.38,11.59,6.01,0,4571,10110467,0.128,7874965732,16943,133280188232825,4.8,73.75
"188","World",2021-06-06,2021,2182475535,920496207,477408588,51537,26049656,35687517,27.71,11.69,6.06,0,4532,10227963,0.13,7874965732,16943,133280188232825,4.8,73.75
"189","World",2021-06-07,2021,2214187712,930960008,482742680,52886,31712177,34873334,28.12,11.82,6.13,0,4428,10499857,0.133,7874965732,16943,133280188232825,4.8,73.75
"190","World",2021-06-08,2021,2249338193,944733122,489756754,54551,35150481,34339941,28.56,12,6.22,0,4361,10869305,0.138,7874965732,16943,133280188232825,4.8,73.75
"191","World",2021-06-09,2021,2286442041,958525217,497088238,56200,37103848,33829003,29.03,12.17,6.31,0,4296,11147777,0.142,7874965732,16943,133280188232825,4.8,73.75
"192","World",2021-06-10,2021,2325629502,1592535115,504014601,57808,39187461,34423771,29.53,20.22,6.4,0,4371,100191008,1.272,7874965732,16943,133280188232825,4.8,73.75
"193","World",2021-06-11,2021,2362518984,1604796106,510659181,59180,36889482,34067276,30,20.38,6.48,0,4326,100098467,1.271,7874965732,16943,133280188232825,4.8,73.75
"194","World",2021-06-12,2021,2393527751,1615651451,516226695,59676,31008767,33871696,30.39,20.52,6.56,0,4301,100390499,1.275,7874965732,16943,133280188232825,4.8,73.75
"195","World",2021-06-13,2021,2420645800,1624157860,520578328,59887,27118049,34024324,30.74,20.62,6.61,0,4321,100523093,1.276,7874965732,16943,133280188232825,4.8,73.75
"196","World",2021-06-14,2021,2449309413,1635081484,527060387,61218,28663613,33588814,31.1,20.76,6.69,0,4265,100588782,1.277,7874965732,16943,133280188232825,4.8,73.75
"197","World",2021-06-15,2021,2488813594,1647892011,534722525,62652,39504181,34210772,31.6,20.93,6.79,0,4344,100451270,1.276,7874965732,16943,133280188232825,4.8,73.75
"198","World",2021-06-16,2021,2530235339,1660401073,542234294,64000,41421745,34827614,32.13,21.08,6.89,0,4423,100267979,1.273,7874965732,16943,133280188232825,4.8,73.75
"199","World",2021-06-17,2021,2575603124,1675961696,550125032,65339,45367785,35710517,32.71,21.28,6.99,0,4535,11918083,0.151,7874965732,16943,133280188232825,4.8,73.75
"200","World",2021-06-18,2021,2619018667,1688604555,556868524,66602,43415543,36642812,33.26,21.44,7.07,0,4653,11972636,0.152,7874965732,16943,133280188232825,4.8,73.75
"201","World",2021-06-19,2021,2656732148,1699672003,562903183,67079,37713481,37600628,33.74,21.58,7.15,0,4775,12002936,0.152,7874965732,16943,133280188232825,4.8,73.75
"202","World",2021-06-20,2021,2689950124,1709459096,567640680,67212,33217976,38472046,34.16,21.71,7.21,0,4885,12185891,0.155,7874965732,16943,133280188232825,4.8,73.75
"203","World",2021-06-21,2021,2733384049,1726841523,574278012,68128,43433925,40582091,34.71,21.93,7.29,0,5153,13108577,0.166,7874965732,16943,133280188232825,4.8,73.75
"204","World",2021-06-22,2021,2777038694,1740985871,581979681,69324,43654645,41175014,35.26,22.11,7.39,0,5229,13299123,0.169,7874965732,16943,133280188232825,4.8,73.75
"205","World",2021-06-23,2021,2820389407,1752572647,589355732,70489,43350713,41450581,35.81,22.25,7.48,0,5264,13167368,0.167,7874965732,16943,133280188232825,4.8,73.75
"206","World",2021-06-24,2021,2868791607,1768023301,597751441,71787,48402200,41884069,36.43,22.45,7.59,0,5319,13151658,0.167,7874965732,16943,133280188232825,4.8,73.75
"207","World",2021-06-25,2021,2914129664,1782395081,604831192,73101,45338057,42158714,37,22.63,7.68,0,5354,13398647,0.17,7874965732,16943,133280188232825,4.8,73.75
"208","World",2021-06-26,2021,2956151629,1796080450,611718169,73663,42021965,42774212,37.54,22.81,7.77,0,5432,13772635,0.175,7874965732,16943,133280188232825,4.8,73.75
"209","World",2021-06-27,2021,2991064386,1820997445,618610466,73863,34912757,43016323,37.98,23.12,7.86,0,5462,15934050,0.202,7874965732,16943,133280188232825,4.8,73.75
"210","World",2021-06-28,2021,3029498424,1831410771,625900095,74901,38434038,42302054,38.47,23.26,7.95,0,5372,14938464,0.19,7874965732,16943,133280188232825,4.8,73.75
"211","World",2021-06-29,2021,3071409768,1845318131,635255554,77069,41911344,42053011,39,23.43,8.07,0,5340,14904609,0.189,7874965732,16943,133280188232825,4.8,73.75
"212","World",2021-06-30,2021,3109052184,1855814539,643282636,378030,37642416,41237540,39.48,23.57,8.17,0,5237,14748842,0.187,7874965732,16943,133280188232825,4.8,73.75
"213","World",2021-07-01,2021,3153149211,1873007226,651487293,641006,44097027,40622515,40.04,23.78,8.27,0.01,5158,14997704,0.19,7874965732,16943,133280188232825,4.8,73.75
"214","World",2021-07-02,2021,3187605397,1881727619,658003285,992451,34456186,39067962,40.48,23.9,8.36,0.01,4961,14190363,0.18,7874965732,16943,133280188232825,4.8,73.75
"215","World",2021-07-03,2021,3221805178,1895155727,666861792,1115345,34199781,37950507,40.91,24.07,8.47,0.01,4819,14153611,0.18,7874965732,16943,133280188232825,4.8,73.75
"216","World",2021-07-04,2021,3246619522,1904696172,672431532,1455881,24814344,36507877,41.23,24.19,8.54,0.02,4636,11956961,0.152,7874965732,16943,133280188232825,4.8,73.75
"217","World",2021-07-05,2021,3279686339,1918643998,683223521,1872159,33066817,35741131,41.65,24.36,8.68,0.02,4539,12461890,0.158,7874965732,16943,133280188232825,4.8,73.75
"218","World",2021-07-06,2021,3312399760,1930118552,691293687,2243149,32713421,34427142,42.06,24.51,8.78,0.03,4372,12114346,0.154,7874965732,16943,133280188232825,4.8,73.75
"219","World",2021-07-07,2021,3345419177,1943072242,700935955,2562873,33019417,33766713,42.48,24.67,8.9,0.03,4288,12465386,0.158,7874965732,16943,133280188232825,4.8,73.75
"220","World",2021-07-08,2021,3384670211,1959231425,712595139,2837073,39251034,33074429,42.98,24.88,9.05,0.04,4200,12317743,0.156,7874965732,16943,133280188232825,4.8,73.75
"221","World",2021-07-09,2021,3411513097,1968104900,719480209,2992308,26842886,31986814,43.32,24.99,9.14,0.04,4062,12339612,0.157,7874965732,16943,133280188232825,4.8,73.75
"222","World",2021-07-10,2021,3440358450,1980053640,727735660,3046748,28845353,31221896,43.69,25.14,9.24,0.04,3965,12128273,0.154,7874965732,16943,133280188232825,4.8,73.75
"223","World",2021-07-11,2021,3461567354,1987164610,733860642,3178336,21208904,30706833,43.96,25.23,9.32,0.04,3899,11781205,0.15,7874965732,16943,133280188232825,4.8,73.75
"224","World",2021-07-12,2021,3491733726,1998279893,744272444,3393001,30166372,30292484,44.34,25.38,9.45,0.04,3847,11376556,0.144,7874965732,16943,133280188232825,4.8,73.75
"225","World",2021-07-13,2021,3526015995,2012477683,753795078,3579932,34282269,30516605,44.78,25.56,9.57,0.05,3875,11765590,0.149,7874965732,16943,133280188232825,4.8,73.75
"226","World",2021-07-14,2021,3562837159,2026641371,764045448,3699905,36821164,31059712,45.24,25.74,9.7,0.05,3944,11938447,0.152,7874965732,16943,133280188232825,4.8,73.75
"227","World",2021-07-15,2021,3598266715,2040499813,774633416,5688046,35429556,30513786,45.69,25.91,9.84,0.07,3875,11609770,0.147,7874965732,16943,133280188232825,4.8,73.75
"228","World",2021-07-16,2021,3631280791,2052972663,783946672,5744756,33014076,31395385,46.11,26.07,9.95,0.07,3987,12123966,0.154,7874965732,16943,133280188232825,4.8,73.75
"229","World",2021-07-17,2021,3659331869,2062725736,792576853,5786866,28051078,31281917,46.47,26.19,10.06,0.07,3972,11810299,0.15,7874965732,16943,133280188232825,4.8,73.75
"230","World",2021-07-18,2021,3679177079,2068511176,797676152,5884397,19845210,31087104,46.72,26.27,10.13,0.07,3948,11620938,0.148,7874965732,16943,133280188232825,4.8,73.75
"231","World",2021-07-19,2021,3712536465,2081901485,807363497,5943397,33359386,31543248,47.14,26.44,10.25,0.08,4006,11945942,0.152,7874965732,16943,133280188232825,4.8,73.75
"232","World",2021-07-20,2021,3745864141,2094595835,815948285,5996160,33327676,31406878,47.57,26.6,10.36,0.08,3988,11731165,0.149,7874965732,16943,133280188232825,4.8,73.75
"233","World",2021-07-21,2021,3778154360,2103820895,824685177,6047321,32290219,30759600,47.98,26.72,10.47,0.08,3906,11025646,0.14,7874965732,16943,133280188232825,4.8,73.75
"234","World",2021-07-22,2021,3817434216,2117069687,835167772,6103528,39279856,31309643,48.48,26.88,10.61,0.08,3976,10938553,0.139,7874965732,16943,133280188232825,4.8,73.75
"235","World",2021-07-23,2021,3855468237,2128870310,844388213,6137560,38034021,32026778,48.96,27.03,10.72,0.08,4067,10842521,0.138,7874965732,16943,133280188232825,4.8,73.75
"236","World",2021-07-24,2021,3886191242,2137975921,852261889,6176736,30723005,32408482,49.35,27.15,10.82,0.08,4115,10750026,0.137,7874965732,16943,133280188232825,4.8,73.75
"237","World",2021-07-25,2021,3913237033,2145993918,859810819,6343098,27045791,33437136,49.69,27.25,10.92,0.08,4246,11068963,0.141,7874965732,16943,133280188232825,4.8,73.75
"238","World",2021-07-26,2021,3954219080,2162632023,871336531,6562976,40982047,34526088,50.21,27.46,11.06,0.08,4384,11532934,0.146,7874965732,16943,133280188232825,4.8,73.75
"239","World",2021-07-27,2021,3994794322,2175543205,881864255,6785583,40575242,35561454,50.73,27.63,11.2,0.09,4516,11563910,0.147,7874965732,16943,133280188232825,4.8,73.75
"240","World",2021-07-28,2021,4037140988,2189741875,891922937,7010002,42346666,36998090,51.27,27.81,11.33,0.09,4698,12274426,0.156,7874965732,16943,133280188232825,4.8,73.75
"241","World",2021-07-29,2021,4083039831,2205274745,904071207,7233483,45898843,37943659,51.85,28,11.48,0.09,4818,12600723,0.16,7874965732,16943,133280188232825,4.8,73.75
"242","World",2021-07-30,2021,4125915784,2219841470,913767151,7378801,42875953,38635364,52.39,28.19,11.6,0.09,4906,12995880,0.165,7874965732,16943,133280188232825,4.8,73.75
"243","World",2021-07-31,2021,4158398061,2229811333,920928377,7429177,32482277,38886688,52.81,28.32,11.69,0.09,4938,13119345,0.167,7874965732,16943,133280188232825,4.8,73.75
"244","World",2021-08-01,2021,4197628298,2244894645,927963800,7516125,39230237,40627324,53.3,28.51,11.78,0.1,5159,14128675,0.179,7874965732,16943,133280188232825,4.8,73.75
"245","World",2021-08-02,2021,4236295778,2256284978,935969902,7698909,38667480,40296671,53.79,28.65,11.89,0.1,5117,13378994,0.17,7874965732,16943,133280188232825,4.8,73.75
"246","World",2021-08-03,2021,4291354298,2279315617,948332682,7923691,55058520,42365711,54.49,28.94,12.04,0.1,5380,14824630,0.188,7874965732,16943,133280188232825,4.8,73.75
"247","World",2021-08-04,2021,4336785940,2296723374,958298803,8023834,45431642,42806422,55.07,29.16,12.17,0.1,5436,15283071,0.194,7874965732,16943,133280188232825,4.8,73.75
"248","World",2021-08-05,2021,4377603003,2311951367,967949406,8354590,40817063,42080453,55.59,29.36,12.29,0.11,5344,15239517,0.194,7874965732,16943,133280188232825,4.8,73.75
"249","World",2021-08-06,2021,4415411471,2324920788,975961190,8541858,37808468,41356527,56.07,29.52,12.39,0.11,5252,15011331,0.191,7874965732,16943,133280188232825,4.8,73.75
"250","World",2021-08-07,2021,4446626573,2335853369,983963719,8695687,31215102,41175502,56.47,29.66,12.49,0.11,5229,15148862,0.192,7874965732,16943,133280188232825,4.8,73.75
"251","World",2021-08-08,2021,4476988965,2347525904,990472689,8871412,30362392,39908667,56.85,29.81,12.58,0.11,5068,14661608,0.186,7874965732,16943,133280188232825,4.8,73.75
"252","World",2021-08-09,2021,4520459728,2367600081,1006808648,9141251,43470763,40594850,57.4,30.06,12.78,0.12,5155,15902158,0.202,7874965732,16943,133280188232825,4.8,73.75
"253","World",2021-08-10,2021,4560278123,2382606215,1018572399,9575402,39818395,38417689,57.91,30.26,12.93,0.12,4878,14755800,0.187,7874965732,16943,133280188232825,4.8,73.75
"254","World",2021-08-11,2021,4598118187,2397614819,1029085039,10030523,37840064,37333178,58.39,30.45,13.07,0.13,4741,14413064,0.183,7874965732,16943,133280188232825,4.8,73.75
"255","World",2021-08-12,2021,4632938706,2408965019,1817300778,10504796,34820519,36476529,58.83,30.59,23.08,0.13,4632,13859093,0.176,7874965732,16943,133280188232825,4.8,73.75
"256","World",2021-08-13,2021,4674906051,2428341221,1828257641,10832964,41967345,37070654,59.36,30.84,23.22,0.14,4707,14774348,0.188,7874965732,16943,133280188232825,4.8,73.75
"257","World",2021-08-14,2021,4705119050,2439830656,1837404230,11061603,30212999,36927497,59.75,30.98,23.33,0.14,4689,14853898,0.189,7874965732,16943,133280188232825,4.8,73.75
"258","World",2021-08-15,2021,4730840462,2451042032,1844867122,11301214,25721412,36264500,60.07,31.12,23.43,0.14,4605,14788018,0.188,7874965732,16943,133280188232825,4.8,73.75
"259","World",2021-08-16,2021,4772584526,2469302093,1855277595,11855290,41744064,36017828,60.6,31.36,23.56,0.15,4574,14528859,0.184,7874965732,16943,133280188232825,4.8,73.75
"260","World",2021-08-17,2021,4812805144,2484496169,1867105491,12515804,40220618,36075289,61.12,31.55,23.71,0.16,4581,14555708,0.185,7874965732,16943,133280188232825,4.8,73.75
"261","World",2021-08-18,2021,4850799026,2497820983,1877966152,13254237,37993882,36097263,61.6,31.72,23.85,0.17,4584,14315166,0.182,7874965732,16943,133280188232825,4.8,73.75
"262","World",2021-08-19,2021,4886594847,2510252706,1888972914,13819478,35795821,36236592,62.05,31.88,23.99,0.18,4601,14469670,0.184,7874965732,16943,133280188232825,4.8,73.75
"263","World",2021-08-20,2021,4926516432,2527142397,1901593476,14353766,39921585,35944340,62.56,32.09,24.15,0.18,4564,14114454,0.179,7874965732,16943,133280188232825,4.8,73.75
"264","World",2021-08-21,2021,4957489791,2538667397,1908709629,14592258,30973359,36052963,62.95,32.24,24.24,0.19,4578,14119534,0.179,7874965732,16943,133280188232825,4.8,73.75
"265","World",2021-08-22,2021,4986522104,2547231803,1916600658,14802731,29032313,36525949,63.32,32.35,24.34,0.19,4638,13741396,0.174,7874965732,16943,133280188232825,4.8,73.75
"266","World",2021-08-23,2021,5018639746,2555724905,1924916937,15357028,32117642,35150746,63.73,32.45,24.44,0.2,4464,12346116,0.157,7874965732,16943,133280188232825,4.8,73.75
"267","World",2021-08-24,2021,5064242743,2572362270,1939623874,15884743,45602997,35919657,64.31,32.67,24.63,0.2,4561,12552300,0.159,7874965732,16943,133280188232825,4.8,73.75
"268","World",2021-08-25,2021,5107757831,2588994639,1951984301,16403849,43515088,36708401,64.86,32.88,24.79,0.21,4661,13024808,0.165,7874965732,16943,133280188232825,4.8,73.75
"269","World",2021-08-26,2021,5149787043,3053701814,2076264170,16953369,42029212,37598885,65.39,38.78,26.37,0.22,4774,77635587,0.986,7874965732,16943,133280188232825,4.8,73.75
"270","World",2021-08-27,2021,5200615620,3073958963,2091704046,17402915,50828577,39157027,66.04,39.03,26.56,0.22,4972,78116652,0.992,7874965732,16943,133280188232825,4.8,73.75
"271","World",2021-08-28,2021,5236684785,3087014967,2100842234,17593174,36069165,39884999,66.5,39.2,26.68,0.22,5065,78335367,0.995,7874965732,16943,133280188232825,4.8,73.75
"272","World",2021-08-29,2021,5283678570,3105491743,2117171831,17788816,46993785,42450924,67.09,39.43,26.88,0.23,5391,79751420,1.013,7874965732,16943,133280188232825,4.8,73.75
"273","World",2021-08-30,2021,5318702730,3118040080,2127847449,18246035,35024160,42866141,67.54,39.59,27.02,0.23,5443,80330739,1.02,7874965732,16943,133280188232825,4.8,73.75
"274","World",2021-08-31,2021,5359612796,3132550415,2141082501,19137567,40910066,42195722,68.06,39.78,27.19,0.24,5358,80026878,1.016,7874965732,16943,133280188232825,4.8,73.75
"275","World",2021-09-01,2021,5405554017,3154575462,2155941973,19785215,45941221,42542312,68.64,40.06,27.38,0.25,5402,80797260,1.026,7874965732,16943,133280188232825,4.8,73.75
"276","World",2021-09-02,2021,5438938859,3168091318,2167372367,20410410,33384842,41307402,69.07,40.23,27.52,0.26,5245,16341358,0.208,7874965732,16943,133280188232825,4.8,73.75
"277","World",2021-09-03,2021,5466456422,3178114676,2176908459,20924384,27517563,37977257,69.42,40.36,27.64,0.27,4823,14879388,0.189,7874965732,16943,133280188232825,4.8,73.75
"278","World",2021-09-04,2021,5491837925,3185910407,2186142395,21085232,25381503,36450449,69.74,40.46,27.76,0.27,4629,14127920,0.179,7874965732,16943,133280188232825,4.8,73.75
"279","World",2021-09-05,2021,5522333090,3198056559,2197203649,21282917,30495165,34093503,70.13,40.61,27.9,0.27,4329,13223545,0.168,7874965732,16943,133280188232825,4.8,73.75
"280","World",2021-09-06,2021,5550358382,3232387897,2287236397,21676460,28025292,33093665,70.48,41.05,29.04,0.28,4202,16335402,0.207,7874965732,16943,133280188232825,4.8,73.75
"281","World",2021-09-07,2021,5586254457,3249669115,2299297776,22176830,35896075,32377380,70.94,41.27,29.2,0.28,4111,16731243,0.212,7874965732,16943,133280188232825,4.8,73.75
"282","World",2021-09-08,2021,5625732518,3267703180,2316536977,22685092,39478061,31454072,71.44,41.49,29.42,0.29,3994,16161103,0.205,7874965732,16943,133280188232825,4.8,73.75
"283","World",2021-09-09,2021,5663339258,3291274093,2332859707,23330220,37606740,32057200,71.92,41.79,29.62,0.3,4071,17597539,0.223,7874965732,16943,133280188232825,4.8,73.75
"284","World",2021-09-10,2021,5692714215,3303842123,2344380493,23872379,29374957,32322542,72.29,41.95,29.77,0.3,4104,17961064,0.228,7874965732,16943,133280188232825,4.8,73.75
"285","World",2021-09-11,2021,5726563523,3317276071,2356805546,24032528,33849308,33532228,72.72,42.12,29.93,0.31,4258,18766523,0.238,7874965732,16943,133280188232825,4.8,73.75
"286","World",2021-09-12,2021,5761433447,3332965063,2368867712,24267728,34869924,34157194,73.16,42.32,30.08,0.31,4337,19272643,0.245,7874965732,16943,133280188232825,4.8,73.75
"287","World",2021-09-13,2021,5793827772,3347593569,2380978356,24736908,32394325,34781341,73.57,42.51,30.23,0.31,4417,16457953,0.209,7874965732,16943,133280188232825,4.8,73.75
"288","World",2021-09-14,2021,5820574126,3358284741,2392342577,25273248,26746354,33474238,73.91,42.65,30.38,0.32,4251,15516518,0.197,7874965732,16943,133280188232825,4.8,73.75
"289","World",2021-09-15,2021,5851938343,3371592321,2447022026,25772608,31364217,32315118,74.31,42.81,31.07,0.33,4104,14841306,0.188,7874965732,16943,133280188232825,4.8,73.75
"290","World",2021-09-16,2021,5883656005,3385633216,2459982972,26243935,31717662,31473821,74.71,42.99,31.24,0.33,3997,13479875,0.171,7874965732,16943,133280188232825,4.8,73.75
"291","World",2021-09-17,2021,5909264226,3396029769,2470444376,26712504,25608221,30935716,75.04,43.12,31.37,0.34,3928,13169664,0.167,7874965732,16943,133280188232825,4.8,73.75
"292","World",2021-09-18,2021,5947951553,3423699006,2494982867,26913212,38687327,31626861,75.53,43.48,31.68,0.34,4016,15203276,0.193,7874965732,16943,133280188232825,4.8,73.75
"293","World",2021-09-19,2021,5973723072,3435221274,2505457450,27065356,25771519,30327089,75.86,43.62,31.82,0.34,3851,14608030,0.185,7874965732,16943,133280188232825,4.8,73.75
"294","World",2021-09-20,2021,6001832571,3447911851,2517128179,27552346,28109499,29714971,76.21,43.78,31.96,0.35,3773,14331183,0.182,7874965732,16943,133280188232825,4.8,73.75
"295","World",2021-09-21,2021,6031973883,3462812825,2530016742,28074894,30141312,30199965,76.6,43.97,32.13,0.36,3835,14932583,0.19,7874965732,16943,133280188232825,4.8,73.75
"296","World",2021-09-22,2021,6059096148,3475027372,2540647591,28659002,27122265,29593972,76.94,44.13,32.26,0.36,3758,14776436,0.188,7874965732,16943,133280188232825,4.8,73.75
"297","World",2021-09-23,2021,6092064005,3489181242,2553281512,29220109,32967857,29772571,77.36,44.31,32.42,0.37,3781,14792575,0.188,7874965732,16943,133280188232825,4.8,73.75
"298","World",2021-09-24,2021,6120859813,3502334651,2564703556,30597098,28795808,30227941,77.73,44.47,32.57,0.39,3838,15186412,0.193,7874965732,16943,133280188232825,4.8,73.75
"299","World",2021-09-25,2021,6141263657,3511306749,2573673597,30974304,20403844,27616015,77.98,44.59,32.68,0.39,3507,12515392,0.159,7874965732,16943,133280188232825,4.8,73.75
"300","World",2021-09-26,2021,6160174818,3518885901,2582354670,31298198,18911161,26635964,78.22,44.68,32.79,0.4,3382,11952090,0.152,7874965732,16943,133280188232825,4.8,73.75
"301","World",2021-09-27,2021,6208452408,3544572588,2601237268,32449539,48277590,29517120,78.84,45.01,33.03,0.41,3748,13808677,0.175,7874965732,16943,133280188232825,4.8,73.75
"302","World",2021-09-28,2021,6235571012,3554132333,2636886874,33689387,27118604,29085304,79.18,45.13,33.48,0.43,3693,13045644,0.166,7874965732,16943,133280188232825,4.8,73.75
"303","World",2021-09-29,2021,6267111914,3570862393,2647615771,34736492,31540902,29716538,79.58,45.34,33.62,0.44,3774,13690717,0.174,7874965732,16943,133280188232825,4.8,73.75
"304","World",2021-09-30,2021,6296796732,3585735859,2660459004,36896859,29684818,29247532,79.96,45.53,33.78,0.47,3714,13793517,0.175,7874965732,16943,133280188232825,4.8,73.75
"305","World",2021-10-01,2021,6319370294,3596268964,2670452071,38253793,22573562,28358640,80.25,45.67,33.91,0.49,3601,13419188,0.17,7874965732,16943,133280188232825,4.8,73.75
"306","World",2021-10-02,2021,6339869544,3606035356,2679378335,38998867,20499250,28372270,80.51,45.79,34.02,0.5,3603,13532658,0.172,7874965732,16943,133280188232825,4.8,73.75
"307","World",2021-10-03,2021,6363119906,3619124133,2688687463,39503892,23250362,28992155,80.8,45.96,34.14,0.5,3682,14319747,0.182,7874965732,16943,133280188232825,4.8,73.75
"308","World",2021-10-04,2021,6385695548,3628446267,2700180454,40742819,22575642,25320449,81.09,46.08,34.29,0.52,3215,11981954,0.152,7874965732,16943,133280188232825,4.8,73.75
"309","World",2021-10-05,2021,6419543913,3641515904,2716973727,43328477,33848365,26281843,81.52,46.24,34.5,0.55,3337,12483367,0.159,7874965732,16943,133280188232825,4.8,73.75
"310","World",2021-10-06,2021,6443137941,3651787027,2728118224,44937225,23594028,25146575,81.82,46.37,34.64,0.57,3193,11560662,0.147,7874965732,16943,133280188232825,4.8,73.75
"311","World",2021-10-07,2021,6466804518,3660544711,2740113674,46553383,23666577,24286827,82.12,46.48,34.8,0.59,3084,10686979,0.136,7874965732,16943,133280188232825,4.8,73.75
"312","World",2021-10-08,2021,6497699535,3674276996,2754725227,48160925,30895017,25475606,82.51,46.66,34.98,0.61,3235,11144005,0.142,7874965732,16943,133280188232825,4.8,73.75
"313","World",2021-10-09,2021,6518009910,3682590045,2764538494,49107866,20310375,25448624,82.77,46.76,35.11,0.62,3232,10936384,0.139,7874965732,16943,133280188232825,4.8,73.75
"314","World",2021-10-10,2021,6547488422,3696120697,2778119103,49615764,29478512,26338359,83.14,46.94,35.28,0.63,3345,10999509,0.14,7874965732,16943,133280188232825,4.8,73.75
"315","World",2021-10-11,2021,6567331173,3703799479,2788402475,50731433,19842751,25947946,83.4,47.03,35.41,0.64,3295,10764745,0.137,7874965732,16943,133280188232825,4.8,73.75
"316","World",2021-10-12,2021,6590271675,3713151251,2799301451,52056128,22940502,24389680,83.69,47.15,35.55,0.66,3097,10233621,0.13,7874965732,16943,133280188232825,4.8,73.75
"317","World",2021-10-13,2021,6613290667,3721814730,2809233069,53882401,23018992,24307532,83.98,47.26,35.67,0.68,3087,10003958,0.127,7874965732,16943,133280188232825,4.8,73.75
"318","World",2021-10-14,2021,6636120108,3731806956,2818925360,55560640,22829441,24187941,84.27,47.39,35.8,0.71,3071,10180321,0.129,7874965732,16943,133280188232825,4.8,73.75
"319","World",2021-10-15,2021,6655517724,3738505604,2827670623,57397338,19397616,22545456,84.51,47.47,35.91,0.73,2863,9175515,0.117,7874965732,16943,133280188232825,4.8,73.75
"320","World",2021-10-16,2021,6669920158,3744527424,2833323144,58455632,14402434,21701464,84.7,47.55,35.98,0.74,2756,8848197,0.112,7874965732,16943,133280188232825,4.8,73.75
"321","World",2021-10-17,2021,6696480483,3757019132,2844569344,59067208,26560325,21284580,85.04,47.71,36.12,0.75,2703,8699776,0.11,7874965732,16943,133280188232825,4.8,73.75
"322","World",2021-10-18,2021,6726336988,3768737822,2858455286,60646586,29856505,22715116,85.41,47.86,36.3,0.77,2884,9276906,0.118,7874965732,16943,133280188232825,4.8,73.75
"323","World",2021-10-19,2021,6753754876,3779093971,2871056790,62309420,27417888,23354743,85.76,47.99,36.46,0.79,2966,9420389,0.12,7874965732,16943,133280188232825,4.8,73.75
"324","World",2021-10-20,2021,6789719241,3795831454,2884743334,64207715,35964365,25204082,86.22,48.2,36.63,0.82,3201,10573818,0.134,7874965732,16943,133280188232825,4.8,73.75
"325","World",2021-10-21,2021,6815847475,3811631851,2896143404,66606611,26128234,25675338,86.55,48.4,36.78,0.85,3260,11403556,0.145,7874965732,16943,133280188232825,4.8,73.75
"326","World",2021-10-22,2021,6842612902,3821767110,2907898915,68815184,26765427,26727883,86.89,48.53,36.93,0.87,3394,11894501,0.151,7874965732,16943,133280188232825,4.8,73.75
"327","World",2021-10-23,2021,6869326081,3833078597,2939522200,70314739,26713179,28486560,87.23,48.67,37.33,0.89,3617,12650168,0.161,7874965732,16943,133280188232825,4.8,73.75
"328","World",2021-10-24,2021,6893003355,3841352538,2951497737,71091871,23677274,28074696,87.53,48.78,37.48,0.9,3565,12047629,0.153,7874965732,16943,133280188232825,4.8,73.75
"329","World",2021-10-25,2021,6914385213,3847640612,2960588025,74410490,21381858,26864032,87.8,48.86,37.59,0.94,3411,11271827,0.143,7874965732,16943,133280188232825,4.8,73.75
"330","World",2021-10-26,2021,6941249235,3857252683,2971822637,77123644,26864022,26784908,88.14,48.98,37.74,0.98,3401,11165530,0.142,7874965732,16943,133280188232825,4.8,73.75
"331","World",2021-10-27,2021,6965322313,3864568997,2981374384,80124054,24073078,25086153,88.45,49.07,37.86,1.02,3186,9819649,0.125,7874965732,16943,133280188232825,4.8,73.75
"332","World",2021-10-28,2021,6995967688,3875860791,2994115170,83121342,30645375,25731459,88.84,49.22,38.02,1.06,3268,9175563,0.117,7874965732,16943,133280188232825,4.8,73.75
"333","World",2021-10-29,2021,7033300849,3887988878,3015295183,86025806,37333161,27241135,89.31,49.37,38.29,1.09,3459,9460253,0.12,7874965732,16943,133280188232825,4.8,73.75
"334","World",2021-10-30,2021,7065322931,3898970056,3028632126,87635124,32022082,27999550,89.72,49.51,38.46,1.11,3556,9413066,0.12,7874965732,16943,133280188232825,4.8,73.75
"335","World",2021-10-31,2021,7098600375,3907733108,3045532469,88418287,33277444,29371003,90.14,49.62,38.67,1.12,3730,9482939,0.12,7874965732,16943,133280188232825,4.8,73.75
"336","World",2021-11-01,2021,7123752189,3915719579,3055204951,90170974,25151814,29909568,90.46,49.72,38.8,1.15,3798,9725567,0.123,7874965732,16943,133280188232825,4.8,73.75
"337","World",2021-11-02,2021,7149911351,3922182616,3064172526,92652286,26159162,29808874,90.79,49.81,38.91,1.18,3785,9275705,0.118,7874965732,16943,133280188232825,4.8,73.75
"338","World",2021-11-03,2021,7179024370,3929602576,3073582015,95890998,29113019,30528865,91.16,49.9,39.03,1.22,3877,9290511,0.118,7874965732,16943,133280188232825,4.8,73.75
"339","World",2021-11-04,2021,7211768086,3938924989,3083337557,98866495,32743716,30828628,91.58,50.02,39.15,1.26,3915,9009171,0.114,7874965732,16943,133280188232825,4.8,73.75
"340","World",2021-11-05,2021,7245239968,3949080898,3096831111,140002158,33471882,30277017,92,50.15,39.33,1.78,3845,8727431,0.111,7874965732,16943,133280188232825,4.8,73.75
"341","World",2021-11-06,2021,7272889299,3955526318,3103648145,141629729,27649331,29652338,92.35,50.23,39.41,1.8,3765,8079466,0.103,7874965732,16943,133280188232825,4.8,73.75
"342","World",2021-11-07,2021,7301080122,3963373949,3112325440,142715408,28190823,28925678,92.71,50.33,39.52,1.81,3673,7948692,0.101,7874965732,16943,133280188232825,4.8,73.75
"343","World",2021-11-08,2021,7329917990,3970339189,3121105315,145836616,28837868,29452257,93.08,50.42,39.63,1.85,3740,7802801,0.099,7874965732,16943,133280188232825,4.8,73.75
"344","World",2021-11-09,2021,7363805054,3979418690,3132357444,149342183,33887064,30556243,93.51,50.53,39.78,1.9,3880,8176582,0.104,7874965732,16943,133280188232825,4.8,73.75
"345","World",2021-11-10,2021,7403149541,3991893943,3144486099,152869052,39344487,32017882,94.01,50.69,39.93,1.94,4066,8898767,0.113,7874965732,16943,133280188232825,4.8,73.75
"346","World",2021-11-11,2021,7437149034,4008801652,3157323296,156614830,33999493,32197278,94.44,50.91,40.09,1.99,4089,9982380,0.127,7874965732,16943,133280188232825,4.8,73.75
"347","World",2021-11-12,2021,7470265344,4016408227,3170936656,171533311,33116310,32146482,94.86,51,40.27,2.18,4082,9618190,0.122,7874965732,16943,133280188232825,4.8,73.75
"348","World",2021-11-13,2021,7504020690,4024723723,3184151300,173568668,33755346,33018770,95.29,51.11,40.43,2.2,4193,9885344,0.126,7874965732,16943,133280188232825,4.8,73.75
"349","World",2021-11-14,2021,7531126361,4033361605,3194934742,174940149,27105671,32863748,95.63,51.22,40.57,2.22,4173,9998237,0.127,7874965732,16943,133280188232825,4.8,73.75
"350","World",2021-11-15,2021,7557932396,4039094619,3203443624,178723438,26806035,32573487,95.97,51.29,40.68,2.27,4136,9822204,0.125,7874965732,16943,133280188232825,4.8,73.75
"351","World",2021-11-16,2021,7585279552,4045107315,3212415024,182246672,27347156,31639214,96.32,51.37,40.79,2.31,4018,9384089,0.119,7874965732,16943,133280188232825,4.8,73.75
"352","World",2021-11-17,2021,7617959560,4052770257,3224128167,186425378,32680008,30687146,96.74,51.46,40.94,2.37,3897,8696616,0.11,7874965732,16943,133280188232825,4.8,73.75
"353","World",2021-11-18,2021,7649084082,4060634411,3237499482,190684523,31124522,30276435,97.13,51.56,41.11,2.42,3845,7404680,0.094,7874965732,16943,133280188232825,4.8,73.75
"354","World",2021-11-19,2021,7682084874,4193806355,3249991744,211122100,33000792,30259933,97.55,53.25,41.27,2.68,3843,25342590,0.322,7874965732,16943,133280188232825,4.8,73.75
"355","World",2021-11-20,2021,7717407405,4203824486,3262956764,213490490,35322531,30483816,98,53.38,41.43,2.71,3871,25585823,0.325,7874965732,16943,133280188232825,4.8,73.75
"356","World",2021-11-21,2021,7744562931,4210115656,3272856597,215640381,27155526,30490939,98.34,53.46,41.56,2.74,3872,25250579,0.321,7874965732,16943,133280188232825,4.8,73.75
"357","World",2021-11-22,2021,7774151043,4217727247,3283778492,220095673,29588112,30888378,98.72,53.56,41.7,2.79,3922,25518947,0.324,7874965732,16943,133280188232825,4.8,73.75
"358","World",2021-11-23,2021,7806102651,4225517607,3294480026,224526712,31951608,31546157,99.13,53.66,41.83,2.85,4006,25772899,0.327,7874965732,16943,133280188232825,4.8,73.75
"359","World",2021-11-24,2021,7843592271,4237427941,3307783725,228825556,37489620,32233244,99.6,53.81,42,2.91,4093,26379669,0.335,7874965732,16943,133280188232825,4.8,73.75
"360","World",2021-11-25,2021,7872750665,4244384987,3316672215,233263349,29158394,31952369,99.97,53.9,42.12,2.96,4057,26250082,0.333,7874965732,16943,133280188232825,4.8,73.75
"361","World",2021-11-26,2021,7908364860,4252633643,3328906063,237683606,35614195,32325712,100.42,54,42.27,3.02,4105,8403898,0.107,7874965732,16943,133280188232825,4.8,73.75
"362","World",2021-11-27,2021,7938817963,4259829885,3337507133,241426827,30453103,31630080,100.81,54.09,42.38,3.07,4017,8000771,0.102,7874965732,16943,133280188232825,4.8,73.75
"363","World",2021-11-28,2021,7977569196,4269158960,3351204129,243581071,38751233,33286609,101.3,54.21,42.56,3.09,4227,8434758,0.107,7874965732,16943,133280188232825,4.8,73.75
"364","World",2021-11-29,2021,8010528166,4279398092,3394901835,247793213,32958970,33768160,101.72,54.34,43.11,3.15,4288,8810121,0.112,7874965732,16943,133280188232825,4.8,73.75
"365","World",2021-11-30,2021,8050866993,4288500452,3408335085,253447825,40338827,34966335,102.23,54.46,43.28,3.22,4440,8997549,0.114,7874965732,16943,133280188232825,4.8,73.75
"366","World",2021-12-01,2021,8093860363,4299311687,3421798562,259540382,42993370,35752585,102.78,54.59,43.45,3.3,4540,8840535,0.112,7874965732,16943,133280188232825,4.8,73.75
"367","World",2021-12-02,2021,8134627214,4324650311,3469161364,265684190,40766851,37410936,103.3,54.92,44.05,3.37,4751,11466475,0.146,7874965732,16943,133280188232825,4.8,73.75
"368","World",2021-12-03,2021,8166211692,4330888712,3492913840,303295802,31584478,36835262,103.7,55,44.35,3.85,4678,11179296,0.142,7874965732,16943,133280188232825,4.8,73.75
"369","World",2021-12-04,2021,8204653703,4339986415,3506637640,307955209,38442011,37976534,104.19,55.11,44.53,3.91,4822,11450933,0.145,7874965732,16943,133280188232825,4.8,73.75
"370","World",2021-12-05,2021,8235255689,4346986969,3516142572,310615429,30601986,36812356,104.58,55.2,44.65,3.94,4675,11118287,0.141,7874965732,16943,133280188232825,4.8,73.75
"371","World",2021-12-06,2021,8264404943,4354963033,3525142056,316222873,29149254,36268111,104.95,55.3,44.76,4.02,4605,10794992,0.137,7874965732,16943,133280188232825,4.8,73.75
"372","World",2021-12-07,2021,8294153675,4360681061,3534729198,322071537,29748732,34755240,105.32,55.37,44.89,4.09,4413,10311516,0.131,7874965732,16943,133280188232825,4.8,73.75
"373","World",2021-12-08,2021,8331136998,4369804381,3548624542,328492327,36983323,33896662,105.79,55.49,45.06,4.17,4304,10070385,0.128,7874965732,16943,133280188232825,4.8,73.75
"374","World",2021-12-09,2021,8370553437,4380740042,3564740860,335992185,39416439,33703746,106.29,55.63,45.27,4.27,4280,8012819,0.102,7874965732,16943,133280188232825,4.8,73.75
"375","World",2021-12-10,2021,8420713869,4405059315,3610611004,367447710,50160432,36357454,106.93,55.94,45.85,4.67,4617,10595800,0.135,7874965732,16943,133280188232825,4.8,73.75
"376","World",2021-12-11,2021,8465231069,4415737175,3627483902,373049675,44517200,37225338,107.5,56.07,46.06,4.74,4727,10821537,0.137,7874965732,16943,133280188232825,4.8,73.75
"377","World",2021-12-12,2021,8495815372,4425324781,3641081175,378626560,30584303,37222812,107.88,56.19,46.24,4.81,4727,11191116,0.142,7874965732,16943,133280188232825,4.8,73.75
"378","World",2021-12-13,2021,8525334952,4429553467,3649800114,385282978,29519580,37275716,108.26,56.25,46.35,4.89,4733,10655776,0.135,7874965732,16943,133280188232825,4.8,73.75
"379","World",2021-12-14,2021,8568851894,4438784174,3664450057,395127529,43516942,39242603,108.81,56.37,46.53,5.02,4983,11157588,0.142,7874965732,16943,133280188232825,4.8,73.75
"380","World",2021-12-15,2021,8610351913,4447736128,3676473612,403371436,41500019,39887845,109.34,56.48,46.69,5.12,5065,11133107,0.141,7874965732,16943,133280188232825,4.8,73.75
"381","World",2021-12-16,2021,8642451403,4452215193,3683847672,411959717,32099490,38842567,109.75,56.54,46.78,5.23,4932,10210736,0.13,7874965732,16943,133280188232825,4.8,73.75
"382","World",2021-12-17,2021,8685966210,4460762019,3720877061,420536562,43514807,37893192,110.3,56.64,47.25,5.34,4812,7957529,0.101,7874965732,16943,133280188232825,4.8,73.75
"383","World",2021-12-18,2021,8719456608,4473274731,3730109633,429458916,33490398,36317934,110.72,56.8,47.37,5.45,4612,8219651,0.104,7874965732,16943,133280188232825,4.8,73.75
"384","World",2021-12-19,2021,8750058234,4478094203,3744534490,435576032,30601626,36320409,111.11,56.86,47.55,5.53,4612,7538489,0.096,7874965732,16943,133280188232825,4.8,73.75
"385","World",2021-12-20,2021,8781375853,4484294593,3751317440,442663783,31317619,36577272,111.51,56.94,47.64,5.62,4645,7820161,0.099,7874965732,16943,133280188232825,4.8,73.75
